{
  "IcoMoonType": "selection",
  "icons": [
    {
      "icon": {
        "paths": [
          "M950.857 369.714c0 10.286-7.429 20-14.857 27.429l-207.429 202.286 49.143 285.714c0.571 4 0.571 7.429 0.571 11.429 0 14.857-6.857 28.571-23.429 28.571-8 0-16-2.857-22.857-6.857l-256.571-134.857-256.571 134.857c-7.429 4-14.857 6.857-22.857 6.857-16.571 0-24-13.714-24-28.571 0-4 0.571-7.429 1.143-11.429l49.143-285.714-208-202.286c-6.857-7.429-14.286-17.143-14.286-27.429 0-17.143 17.714-24 32-26.286l286.857-41.714 128.571-260c5.143-10.857 14.857-23.429 28-23.429s22.857 12.571 28 23.429l128.571 260 286.857 41.714c13.714 2.286 32 9.143 32 26.286z"
        ],
        "attrs": [
          {}
        ],
        "width": 951,
        "isMulticolor": false,
        "isMulticolor2": false,
        "tags": [
          "star"
        ],
        "grid": 14
      },
      "attrs": [
        {}
      ],
      "properties": {
        "order": 1,
        "id": 0,
        "prevSize": 24,
        "name": "star"
      },
      "setIdx": 0,
      "setId": 3,
      "iconIdx": 0
    },
    {
      "icon": {
        "paths": [
          "M828.006 460.8l-310.835-310.835 72.397-72.397 434.432 434.432-434.432 434.432-72.397-72.397 310.835-310.835h-828.006v-102.4z"
        ],
        "attrs": [
          {}
        ],
        "isMulticolor": false,
        "isMulticolor2": false,
        "tags": [
          "arrow-right"
        ],
        "grid": 20
      },
      "attrs": [
        {}
      ],
      "properties": {
        "order": 1,
        "id": 1,
        "name": "arrow-right",
        "prevSize": 24
      },
      "setIdx": 1,
      "setId": 2,
      "iconIdx": 0
    },
    {
      "icon": {
        "paths": [
          "M195.994 460.8l310.835-310.835-72.397-72.397-434.432 434.432 434.432 434.432 72.397-72.397-310.835-310.835h828.006v-102.4h-828.006z"
        ],
        "attrs": [
          {}
        ],
        "isMulticolor": false,
        "isMulticolor2": false,
        "tags": [
          "arrow-left"
        ],
        "grid": 20
      },
      "attrs": [
        {}
      ],
      "properties": {
        "order": 2,
        "id": 0,
        "name": "arrow-left",
        "prevSize": 24
      },
      "setIdx": 1,
      "setId": 2,
      "iconIdx": 1
    },
    {
      "icon": {
        "paths": [
          "M682 256q0-60 65-115t149-55v852h-106v-340h-108v-342zM470 384v-298h84v298q0 68-46 117t-114 53v384h-106v-384q-68-4-114-53t-46-117v-298h86v298h84v-298h86v298h86z"
        ],
        "attrs": [
          {}
        ],
        "isMulticolor": false,
        "isMulticolor2": false,
        "tags": [
          "restaurant"
        ],
        "grid": 24
      },
      "attrs": [
        {}
      ],
      "properties": {
        "order": 1,
        "id": 0,
        "prevSize": 24,
        "name": "restaurant"
      },
      "setIdx": 2,
      "setId": 1,
      "iconIdx": 0
    },
    {
      "icon": {
        "paths": [
          "M512 0c-282.77 0-512 229.23-512 512s229.23 512 512 512 512-229.23 512-512-229.23-512-512-512zM320 512c0-106.040 85.96-192 192-192s192 85.96 192 192-85.96 192-192 192-192-85.96-192-192zM925.98 683.476v0l-177.42-73.49c12.518-30.184 19.44-63.276 19.44-97.986s-6.922-67.802-19.44-97.986l177.42-73.49c21.908 52.822 34.020 110.73 34.020 171.476s-12.114 118.654-34.020 171.476v0zM683.478 98.020v0 0l-73.49 177.42c-30.184-12.518-63.276-19.44-97.988-19.44s-67.802 6.922-97.986 19.44l-73.49-177.422c52.822-21.904 110.732-34.018 171.476-34.018 60.746 0 118.654 12.114 171.478 34.020zM98.020 340.524l177.422 73.49c-12.518 30.184-19.442 63.276-19.442 97.986s6.922 67.802 19.44 97.986l-177.42 73.49c-21.906-52.822-34.020-110.73-34.020-171.476s12.114-118.654 34.020-171.476zM340.524 925.98l73.49-177.42c30.184 12.518 63.276 19.44 97.986 19.44s67.802-6.922 97.986-19.44l73.49 177.42c-52.822 21.904-110.73 34.020-171.476 34.020-60.744 0-118.654-12.114-171.476-34.020z"
        ],
        "attrs": [
          {}
        ],
        "isMulticolor": false,
        "isMulticolor2": false,
        "tags": [
          "lifebuoy",
          "support",
          "help"
        ],
        "grid": 16
      },
      "attrs": [
        {}
      ],
      "properties": {
        "order": 1,
        "id": 1,
        "name": "lifebuoy, support, help",
        "prevSize": 24
      },
      "setIdx": 3,
      "setId": 0,
      "iconIdx": 0
    },
    {
      "icon": {
        "paths": [
          "M480 64c-265.096 0-480 214.904-480 480 0 265.098 214.904 480 480 480 265.098 0 480-214.902 480-480 0-265.096-214.902-480-480-480zM480 928c-212.078 0-384-171.922-384-384s171.922-384 384-384c212.078 0 384 171.922 384 384s-171.922 384-384 384zM512 512v-128h128v-64h-128v-64h-64v64h-128v256h128v128h-128v64h128v64h64v-64h128.002l-0.002-256h-128zM448 512h-64v-128h64v128zM576.002 704h-64.002v-128h64.002v128z"
        ],
        "attrs": [
          {}
        ],
        "isMulticolor": false,
        "isMulticolor2": false,
        "tags": [
          "coin-dollar",
          "money",
          "cash",
          "currency-dollar"
        ],
        "grid": 16
      },
      "attrs": [
        {}
      ],
      "properties": {
        "order": 1,
        "id": 0,
        "name": "coin-dollar, money, cash, currency-dollar",
        "prevSize": 24
      },
      "setIdx": 3,
      "setId": 0,
      "iconIdx": 1
    }
  ],
  "height": 1024,
  "preferences": {
    "showGlyphs": true,
    "showCodes": true,
    "showQuickUse": true,
    "showQuickUse2": true,
    "showSVGs": true,
    "fontPref": {
      "prefix": "icon-",
      "metadata": {},
      "metrics": {
        "emSize": 1024,
        "baseline": 6.25,
        "whitespace": 50
      }
    },
    "imagePref": {
      "prefix": "icon-",
      "png": false,
      "useClassSelector": true,
      "color": 0,
      "bgColor": 16777215,
      "name": "icomoon",
      "classSelector": ".icon",
      "height": 32,
      "columns": 16,
      "margin": 16
    },
    "historySize": 50
  }
}